<?xml version="1.0" encoding="UTF-8"?>
<project-private xmlns="http://www.netbeans.org/ns/project-private/1">
    <editor-bookmarks xmlns="http://www.netbeans.org/ns/editor-bookmarks/2" lastBookmarkId="0"/>
    <open-files xmlns="http://www.netbeans.org/ns/projectui-open-files/2">
        <group>
            <file>file:/C:/Users/Hojjat/Documents/NetBeansProjects/DickAbad/src/MainPackage/Main.java</file>
            <file>file:/C:/Users/Hojjat/Documents/NetBeansProjects/DickAbad/src/GUI/GUI.java</file>
            <file>file:/C:/Users/Hojjat/Documents/NetBeansProjects/DickAbad/src/MainPackage/BufferedReader1.java</file>
            <file>file:/C:/Users/Hojjat/Documents/NetBeansProjects/DickAbad/src/MainPackage/ReadFile1Sort.java</file>
        </group>
    </open-files>
</project-private>
